Description,Calories,Protein (g),Fat (g),Carbs (g),Sodium (mg)
sweet corn,45,11.2,6.8,52.6,369
dal,158,13.9,6.3,38.5,1437
lemon rice,216,4.6,18.4,6.8,1112
roti,241,9.6,18.1,58.2,349
mango,232,26.1,17.1,0.3,231
chicken curry,110,4.1,12.5,58.5,363
roti,394,29.2,7.5,47.8,378
chicken curry,57,12.9,15.2,40.9,835
paneer,142,25.1,1.1,27.1,411
rice cooked,162,6.4,4.5,18.8,575
lemon rice,249,29.5,2.1,55.9,1080
veg pulao,106,19.0,14.4,41.0,992
veg pulao,236,20.3,11.5,5.5,48
spinach,60,6.3,3.9,4.3,299
veg pulao,478,10.8,11.0,10.3,425
peas,204,27.7,5.3,40.6,673
sweet potato,295,5.9,16.8,12.1,1207
rice cooked,379,3.0,1.5,53.5,1309
poha,434,4.6,5.9,49.0,433
egg,349,28.1,7.8,0.2,676
milk,146,14.9,12.8,32.3,402
potato,205,2.7,7.9,52.5,425
dal,240,13.8,2.9,9.1,34
spinach,116,20.9,7.0,39.3,396
rice cooked,448,27.0,12.2,24.8,651
dosa,95,18.6,17.3,15.3,1098
potato,65,5.4,16.4,56.7,267
mango,477,27.6,0.3,21.1,836
bread,349,4.3,14.4,59.5,133
roti,160,28.9,5.9,19.2,340
milk,100,27.5,11.8,58.3,530
sweet corn,64,6.9,9.0,36.2,354
sweet corn,148,22.8,8.0,35.0,1182
mango,27,26.7,0.4,25.7,132
almonds,360,3.4,1.4,18.8,568
veg pulao,62,24.7,18.1,28.5,1426
almonds,202,5.5,19.7,28.5,708
dosa,210,17.2,16.8,0.1,687
spinach,33,15.9,8.4,50.4,1410
peas,229,29.0,14.2,22.2,182
paneer,132,5.4,11.0,22.9,864
sweet potato,30,26.0,14.2,13.9,19
almonds,277,0.6,3.6,54.6,614
mango,195,22.2,19.9,22.7,742
egg,124,27.8,6.4,21.0,187
sweet potato,447,24.3,16.5,45.3,1152
apple,90,8.3,11.0,21.7,793
upma,443,23.0,15.1,40.4,1330
bread,44,15.8,17.2,16.4,1180
dosa,458,23.4,19.1,56.3,1192
chicken curry,205,28.4,4.0,16.3,1423
idli,315,19.4,6.3,35.6,805
bread,408,12.7,6.8,50.8,428
sweet corn,122,15.1,3.5,8.6,64
milk,437,7.1,8.2,57.3,528
carrot,150,13.7,10.9,24.9,1057
idli,195,13.8,1.8,25.2,1246
roti,335,3.6,11.3,5.9,1181
roti,128,5.0,0.8,13.0,258
roti,433,18.9,9.9,21.5,39
peas,346,24.7,3.0,16.1,961
upma,246,10.3,8.4,54.6,247
chicken curry,131,13.6,5.2,0.4,566
sweet potato,447,23.5,4.6,20.2,555
rice cooked,416,0.7,2.9,26.4,836
paneer,230,8.4,14.2,24.9,1347
peas,27,2.1,14.3,20.8,340
idli,366,21.4,11.8,22.3,817
poha,374,16.3,5.5,4.9,1419
upma,106,17.8,9.6,38.9,288
bread,248,4.7,17.7,33.8,1478
lemon rice,470,16.8,11.6,8.1,276
sweet corn,43,19.4,4.5,19.3,1345
bread,496,25.0,17.0,12.6,90
veg pulao,333,6.7,1.7,53.0,58
chicken curry,257,15.3,16.2,28.7,288
chicken curry,370,21.6,14.8,36.7,1257
rice cooked,305,13.5,4.7,22.4,299
dal,246,1.6,14.3,22.0,97
rice cooked,329,26.1,1.9,59.8,1094
sweet corn,325,29.0,17.1,54.0,97
potato,450,2.5,13.0,58.1,92
rice cooked,304,17.0,18.5,36.7,424
idli,269,22.5,6.7,15.3,62
banana,228,6.4,7.2,58.3,771
banana,242,6.1,6.6,18.4,135
carrot,130,5.0,14.9,56.7,1426
chicken curry,188,7.9,14.3,23.4,1251
paneer,43,22.9,6.4,25.3,301
almonds,303,4.9,6.2,5.2,452
peas,69,9.9,0.5,38.9,537
bread,72,18.0,16.6,33.6,1383
peas,191,29.4,9.7,21.7,886
roti,208,2.6,1.4,33.2,1492
spinach,256,27.9,9.7,1.8,1120
almonds,284,23.5,14.7,46.6,536
roti,38,2.1,11.7,29.6,1444
banana,471,2.6,12.1,12.3,1005
milk,334,21.7,18.4,45.0,796
egg,86,13.1,5.7,0.8,425
sweet corn,135,4.9,1.2,18.4,923
rice cooked,104,1.2,9.2,35.5,1194
upma,173,24.2,14.0,39.3,844
rice cooked,368,1.4,15.7,54.7,214
milk,353,25.9,13.9,16.3,466
bread,202,22.6,7.3,1.2,941
idli,88,7.3,14.3,11.2,315
egg,216,15.2,1.3,56.8,940
sweet corn,186,21.7,6.3,11.8,283
upma,125,8.1,2.1,50.6,17
paneer,51,27.0,0.5,36.0,616
roti,495,7.0,13.1,46.9,635
chicken curry,230,15.6,15.3,41.2,1309
apple,196,26.7,7.9,31.1,1399
poha,392,0.4,17.2,39.0,229
chicken curry,404,26.9,6.8,55.0,1335
upma,353,10.5,5.9,32.6,482
almonds,317,26.3,5.2,47.9,1339
paneer,337,22.3,14.3,29.0,807
chicken curry,136,22.4,12.6,30.2,163
spinach,350,15.0,8.7,23.7,729
veg pulao,250,18.7,16.0,38.3,3
bread,135,26.7,5.9,47.3,457
carrot,230,4.4,8.1,45.6,10
carrot,418,14.5,9.1,33.6,856
bread,70,0.6,0.7,18.8,537
veg pulao,406,21.1,4.0,41.7,611
upma,100,15.7,0.3,27.5,355
carrot,77,10.2,18.9,10.1,324
potato,389,15.7,19.4,8.3,1169
carrot,81,12.2,1.4,10.1,200
veg pulao,97,9.2,0.8,9.0,994
egg,297,27.5,19.5,46.7,155
milk,450,6.3,11.1,36.7,892
sweet corn,334,25.6,10.3,16.9,645
dosa,52,8.7,15.7,8.0,914
bread,29,14.3,5.3,19.3,746
dosa,30,24.6,15.6,50.6,1195
almonds,281,24.7,5.6,53.3,1126
chicken curry,106,24.0,8.1,12.4,417
potato,115,7.7,14.0,19.7,1438
bread,460,6.7,17.1,54.4,776
upma,83,16.1,17.9,20.4,1445
sweet potato,494,20.5,13.6,33.6,142
potato,145,1.6,17.0,12.4,728
paneer,184,2.1,18.2,34.8,327
bread,273,29.5,1.3,54.7,664
almonds,123,5.6,0.6,51.9,1110
banana,463,11.8,17.8,42.7,163
dosa,354,5.6,13.5,51.1,248
idli,50,15.6,1.8,19.4,340
milk,207,9.0,9.8,29.3,166
mango,166,10.2,1.4,59.9,578
sweet potato,436,24.2,13.5,23.6,178
dosa,305,11.8,18.1,19.4,1072
potato,443,26.3,0.4,11.9,891
almonds,32,22.2,16.0,57.9,436
milk,471,3.5,18.6,24.4,367
bread,418,24.9,16.5,18.8,1376
egg,138,29.6,3.5,10.9,990
sweet corn,486,25.6,9.1,57.1,589
chicken curry,435,17.1,5.9,46.7,47
sweet potato,176,25.7,11.1,27.0,322
roti,275,11.5,12.5,18.9,1400
almonds,320,2.8,8.9,9.5,842
peas,271,15.6,6.7,46.3,560
sweet corn,335,23.8,14.6,46.3,136
milk,406,7.9,15.2,32.4,307
paneer,209,18.2,1.9,54.4,1231
milk,167,4.3,1.6,52.3,623
paneer,154,9.5,3.6,14.7,861
mango,206,21.0,1.9,55.5,1390
poha,429,13.5,8.3,48.4,855
chicken curry,387,15.6,8.8,10.4,692
spinach,38,26.8,9.8,35.7,1198
sweet corn,206,6.0,16.0,18.3,1336
almonds,422,14.1,9.1,41.4,969
paneer,108,20.5,15.8,14.5,1074
spinach,219,2.1,16.5,53.4,73
carrot,287,2.6,19.6,36.9,595
almonds,473,14.1,10.6,52.1,1350
lemon rice,369,20.8,17.2,48.9,698
spinach,382,28.9,8.6,15.9,212
chicken curry,149,8.5,8.7,22.0,1234
poha,325,10.0,9.7,37.5,918
veg pulao,174,17.6,14.7,10.2,865
lemon rice,398,14.3,2.6,33.5,822
almonds,450,13.2,13.7,12.7,121
apple,171,27.9,11.6,54.8,657
chicken curry,158,2.3,18.5,46.9,133
idli,76,15.4,16.7,4.7,954
peas,80,29.3,11.4,44.5,818
lemon rice,441,24.6,13.0,0.6,1115
almonds,342,12.8,9.5,2.0,275
dosa,262,3.6,13.6,5.5,427
potato,98,29.8,0.7,9.5,1485
peas,427,10.0,17.2,9.6,779
paneer,407,1.2,12.1,24.6,728
rice cooked,149,0.8,2.6,13.3,116
almonds,249,1.9,19.5,47.5,370
almonds,296,14.2,4.3,45.2,1012
potato,221,15.9,3.0,0.8,961
potato,429,7.2,19.9,20.6,418
lemon rice,486,29.1,6.5,33.4,1085
chicken curry,301,25.7,11.0,18.3,843
egg,133,22.7,17.9,54.0,495
sweet corn,361,14.0,17.2,19.4,443
bread,455,13.5,5.2,4.9,53
sweet corn,31,30.0,2.2,38.8,714
rice cooked,346,0.6,14.5,40.1,621
bread,172,26.6,13.0,38.6,513
sweet corn,101,26.6,17.4,11.8,1206
banana,58,29.6,11.8,43.6,884
paneer,295,10.7,11.4,49.4,155
chicken curry,227,23.7,0.9,23.9,259
rice cooked,476,1.9,11.3,25.5,718
carrot,75,10.8,7.9,15.4,613
almonds,44,20.5,7.9,55.2,316
sweet potato,453,9.2,11.5,36.0,1014
idli,497,16.7,10.0,27.1,587
spinach,446,0.2,19.7,34.9,142
apple,404,9.2,0.5,44.6,216
poha,439,12.6,6.8,2.3,1039
veg pulao,268,17.9,12.0,1.5,1457
chicken curry,238,28.8,5.4,8.4,642
potato,66,25.5,4.6,12.3,847
dosa,141,5.0,0.3,15.0,1042
carrot,104,16.5,18.1,20.1,1333
chicken curry,292,2.7,11.6,28.1,46
carrot,254,0.9,0.9,9.5,849
almonds,35,4.7,8.3,44.6,144
almonds,301,13.1,1.6,17.6,1266
poha,74,17.4,13.0,45.0,462
spinach,481,21.4,1.0,20.3,84
dosa,116,23.0,15.0,1.4,139
mango,279,20.5,14.3,21.8,578
potato,66,19.2,6.6,2.5,390
upma,220,27.0,10.4,51.7,513
spinach,465,0.0,16.0,26.1,85
apple,444,21.3,19.8,1.5,637
roti,345,10.0,2.6,36.3,617
carrot,484,3.3,15.7,27.0,1252
banana,214,27.7,3.0,1.2,360
dal,180,8.3,14.2,3.7,421
carrot,465,1.7,6.5,19.6,347
chicken curry,445,3.5,2.1,29.3,654
dal,322,7.3,3.4,58.5,948
bread,194,11.6,0.1,39.2,246
peas,393,21.6,12.9,40.4,1111
milk,86,20.4,0.9,10.0,166
poha,261,25.7,12.1,19.1,980
upma,413,0.8,10.5,54.3,1339
idli,451,1.1,13.1,25.8,131
sweet potato,192,9.1,8.1,56.2,791
paneer,434,29.5,10.1,28.6,1062
bread,115,7.2,4.4,39.0,365
veg pulao,202,16.0,20.0,5.1,534
dal,152,11.6,6.0,8.4,1344
lemon rice,38,17.5,15.8,23.6,608
veg pulao,96,0.1,9.9,51.4,138
potato,283,1.0,15.2,2.3,768
veg pulao,411,4.8,9.0,15.3,144
apple,248,17.1,1.6,45.3,1282
upma,119,12.3,17.2,47.6,827
veg pulao,376,9.8,19.4,40.1,833
potato,397,7.3,9.5,35.2,958
milk,50,28.2,1.5,32.1,917
bread,125,0.8,13.4,23.6,313
sweet potato,346,28.9,2.5,5.7,298
peas,276,10.8,7.6,25.2,1010
dosa,21,7.7,11.8,44.8,1039
banana,363,5.8,0.8,45.1,684
potato,147,5.6,20.0,10.3,1347
upma,345,21.9,7.6,39.9,1226
banana,356,14.7,8.5,54.2,1020
poha,473,25.9,2.3,11.0,1386
sweet corn,173,27.1,5.4,18.3,1126
chicken curry,104,0.9,9.9,0.8,908
paneer,294,2.5,14.5,5.4,828
apple,484,4.4,10.6,50.1,460
potato,213,19.0,17.1,41.3,951
almonds,383,1.7,8.5,12.7,1347
apple,22,5.4,4.3,38.3,309
spinach,426,19.5,10.2,26.7,912
spinach,74,0.4,8.2,25.3,754
veg pulao,99,18.1,9.1,15.7,1025
paneer,261,25.9,17.4,54.6,164
upma,279,27.8,13.9,25.5,1274
chicken curry,135,17.7,1.2,55.6,563
apple,297,9.8,5.3,50.6,1327
almonds,172,28.2,7.6,46.8,773
rice cooked,116,7.5,0.0,17.2,566
almonds,460,24.1,10.7,49.8,227
spinach,325,19.9,1.4,37.2,633
milk,170,19.5,6.8,5.2,172
upma,490,5.1,18.5,46.1,977
apple,237,9.6,17.5,31.7,1226
bread,278,3.3,12.6,32.8,1408
banana,108,26.2,15.2,10.7,304
paneer,123,15.0,19.2,27.3,148
roti,391,10.3,2.4,37.8,1469
dosa,398,1.6,1.8,44.3,932
banana,168,26.4,13.3,21.2,869
sweet potato,499,23.8,9.1,21.1,868
mango,111,11.7,3.1,2.4,1490
poha,104,24.6,14.9,14.5,918
dal,136,4.6,3.9,40.2,584
poha,366,11.1,10.2,7.1,672
peas,351,3.1,17.6,39.0,1138
idli,46,5.9,19.8,34.0,1385
milk,453,22.1,14.4,2.3,1365
rice cooked,237,15.9,16.7,46.8,1366
potato,75,22.6,18.4,17.5,1280
egg,365,6.0,6.5,27.6,164
banana,347,14.9,7.5,3.1,746
poha,300,23.2,9.7,45.1,541
milk,137,14.1,14.5,32.4,1409
dosa,472,23.1,18.1,51.9,1124
veg pulao,342,7.2,18.7,0.2,1252
roti,50,5.7,4.1,15.0,32
sweet corn,72,28.1,13.7,37.7,145
roti,155,4.6,6.1,12.1,704
apple,242,29.6,5.0,33.6,761
apple,148,13.8,18.5,45.9,1285
apple,450,21.4,5.6,54.8,1088
almonds,397,0.3,7.7,48.5,455
peas,371,8.6,7.2,7.9,1006
sweet corn,187,2.6,6.8,42.4,598
rice cooked,193,7.3,18.8,30.7,423
rice cooked,400,9.7,8.7,58.2,808
dosa,120,13.4,7.4,13.7,593
bread,357,11.4,6.0,48.0,1137
poha,205,13.1,9.6,51.6,816
rice cooked,26,10.5,5.3,28.2,343
almonds,247,27.1,3.2,4.9,378
carrot,56,4.7,17.8,21.0,33
peas,355,24.3,5.1,56.3,448
chicken curry,185,9.3,6.9,0.1,617
bread,23,5.6,2.6,3.8,1201
egg,282,29.9,5.2,37.2,1390
spinach,214,25.0,11.7,21.4,1050
idli,72,25.1,6.2,9.0,692
lemon rice,118,25.2,17.2,49.8,1160
apple,65,5.0,10.0,21.3,830
carrot,361,11.9,2.7,45.0,1489
bread,36,21.4,4.2,44.0,778
carrot,306,12.7,11.4,32.6,832
veg pulao,87,16.6,11.3,13.5,1063
upma,161,29.2,13.4,26.5,1132
veg pulao,53,29.5,1.4,56.4,314
banana,344,1.8,12.0,9.8,405
bread,116,10.4,19.2,52.9,818
spinach,318,20.6,11.5,7.0,1180
rice cooked,489,1.3,9.6,48.3,225
sweet potato,214,10.9,10.9,31.4,622
apple,296,16.0,18.5,54.7,318
spinach,378,20.2,12.9,12.5,1092
roti,240,20.4,3.3,55.8,19
lemon rice,493,26.4,10.4,2.1,846
idli,250,14.5,1.1,24.4,544
veg pulao,459,7.7,1.5,38.0,636
carrot,276,28.6,1.8,10.6,996
mango,322,14.7,15.1,4.7,704
poha,103,25.7,4.1,52.3,212
dal,132,5.5,10.7,4.3,1047
banana,337,2.2,19.9,0.9,95
egg,63,19.1,9.4,28.4,71
idli,376,28.7,2.5,47.1,59
spinach,433,29.8,6.1,58.4,269
upma,291,24.5,1.2,36.2,107
dal,437,7.6,11.0,29.3,929
peas,402,8.7,5.5,42.0,325
spinach,271,26.2,4.7,32.2,1242
apple,475,13.6,5.7,59.8,1290
sweet corn,444,19.5,0.3,38.0,441
sweet potato,139,28.3,12.3,50.1,841
banana,305,17.9,2.2,39.9,1361
chicken curry,428,9.4,19.1,47.4,283
upma,40,12.5,13.9,16.2,1022
carrot,82,21.0,11.8,18.2,611
idli,215,11.5,11.3,9.1,284
sweet potato,99,25.0,2.7,53.9,1276
bread,395,23.2,18.1,38.9,476
peas,459,17.5,2.4,34.7,811
sweet corn,301,16.7,19.4,10.4,483
potato,460,12.7,3.5,58.1,197
dosa,417,9.4,12.8,49.8,205
sweet corn,325,17.5,12.0,38.8,87
sweet potato,157,16.9,20.0,48.8,9
apple,351,21.3,8.6,53.6,433
dosa,347,8.9,1.9,10.3,1498
upma,169,1.7,15.7,47.7,995
dal,158,27.0,3.3,15.6,654
egg,144,22.8,15.7,41.1,854
poha,396,29.8,16.7,9.1,433
upma,333,16.3,9.3,28.4,478
spinach,265,14.3,6.4,11.8,241
upma,221,22.1,10.0,12.2,1407
carrot,43,10.6,5.3,43.0,975
bread,345,0.0,6.0,26.8,677
roti,95,23.2,13.3,23.2,939
dosa,154,27.5,16.3,8.7,339
apple,363,25.1,17.9,39.6,495
paneer,278,20.5,16.4,42.1,96
veg pulao,262,11.2,19.4,44.5,820
sweet potato,297,20.5,8.1,56.7,854
mango,417,14.4,10.3,31.0,54
idli,497,28.6,13.8,21.5,577
apple,142,18.8,4.6,9.2,670
idli,67,8.9,20.0,52.1,429
mango,336,15.8,7.9,46.1,1262
chicken curry,167,18.2,12.3,37.8,1312
potato,58,21.6,12.7,30.0,150
chicken curry,180,15.6,5.9,21.9,1466
milk,290,24.9,3.9,30.0,1100
spinach,52,12.6,10.6,48.9,277
chicken curry,145,23.2,8.5,44.8,949
lemon rice,498,15.1,12.8,29.2,691
potato,120,5.1,16.1,57.1,1169
idli,435,6.1,0.5,26.1,695
peas,184,16.3,6.3,1.6,660
spinach,441,26.3,0.7,25.2,1246
veg pulao,235,18.5,18.6,33.3,1483
chicken curry,283,25.8,18.3,21.5,265
dal,64,7.0,15.2,6.1,929
apple,86,22.9,8.8,0.3,990
peas,90,19.0,2.3,14.9,545
banana,474,21.3,0.5,18.6,1353
sweet corn,426,24.7,18.1,41.2,686
idli,383,2.9,16.9,57.2,379
upma,434,2.2,1.5,48.0,76
lemon rice,83,27.7,14.4,49.0,700
veg pulao,150,12.5,18.9,8.1,984
dal,454,8.2,7.7,44.7,597
idli,390,1.7,9.2,27.9,202
upma,93,3.1,5.8,7.7,1200
upma,68,12.8,9.1,36.5,648
mango,330,10.3,18.2,10.9,692
spinach,317,1.7,17.8,23.1,1384
spinach,95,7.4,2.3,24.8,328
carrot,343,13.8,10.7,47.9,763
chicken curry,326,15.4,9.4,30.9,16
carrot,286,17.3,16.2,41.0,218
chicken curry,407,13.3,17.3,55.6,564
chicken curry,218,25.5,12.3,28.3,1040
mango,57,19.8,7.5,25.6,1364
sweet corn,274,12.4,3.9,50.4,1418
banana,243,21.5,4.8,21.7,55
potato,28,4.3,8.1,36.2,599
banana,302,16.6,16.5,5.5,219
poha,175,6.8,20.0,12.5,113
idli,450,10.2,16.0,27.2,585
potato,225,25.6,2.1,21.3,1390
chicken curry,388,4.3,13.6,29.9,484
potato,422,6.3,3.1,31.0,4
banana,347,29.4,15.4,52.3,854
upma,312,10.4,9.2,35.8,4
rice cooked,193,25.9,18.4,57.2,833
dosa,268,13.8,3.6,13.2,641
sweet corn,250,11.1,14.6,10.0,1475
upma,49,0.8,8.6,28.8,1306
apple,330,1.5,15.7,54.0,269
mango,70,24.6,7.8,38.1,280
egg,348,6.6,13.5,46.4,173
rice cooked,79,4.3,11.9,50.0,1051
apple,468,29.8,9.9,19.8,310
mango,157,4.8,10.2,26.2,1229
upma,397,29.6,18.7,53.4,1325
lemon rice,64,24.2,3.3,51.4,129
sweet potato,220,5.8,17.5,45.4,1485
dal,481,2.7,19.1,19.4,1393
dal,444,20.2,15.5,47.3,253
dosa,372,11.9,1.0,34.3,1014
peas,434,6.4,10.3,44.1,1170
potato,299,10.9,16.4,33.7,380
spinach,34,24.9,15.3,17.6,496
dosa,346,4.3,15.5,36.9,1
apple,87,3.8,17.5,16.2,451
lemon rice,380,21.6,15.0,17.1,236
upma,352,8.5,10.5,37.3,446
upma,258,4.5,15.6,22.7,1483
idli,414,20.7,6.8,0.1,726
egg,470,15.2,9.3,22.1,672
bread,164,23.7,12.1,6.0,695
apple,352,19.6,18.6,17.1,586
veg pulao,217,7.0,3.8,6.8,669
dosa,464,22.0,6.2,49.3,1029
banana,107,16.2,17.4,56.3,1233
bread,170,0.7,18.8,18.3,824
lemon rice,23,5.1,18.9,31.8,1192
upma,475,29.1,3.7,1.4,515
bread,449,19.4,15.1,41.1,228
potato,443,20.1,5.2,9.7,415
dosa,123,18.7,14.7,54.3,314
milk,135,8.2,13.6,19.4,1138
veg pulao,117,1.5,16.6,22.6,508
egg,217,1.8,6.9,0.9,394
spinach,490,29.1,7.4,56.5,1289
milk,129,2.8,16.3,1.3,94
rice cooked,114,12.2,14.0,41.7,809
apple,239,10.2,0.8,42.9,1333
almonds,22,4.0,11.0,35.5,1212
spinach,382,2.2,8.8,18.4,372
egg,102,20.1,10.6,51.0,1264
spinach,21,4.3,7.8,37.0,257
peas,227,19.2,13.8,49.3,1494
peas,258,15.4,17.1,40.9,502
paneer,105,8.0,4.6,4.5,433
sweet potato,215,1.4,6.5,3.7,1363
peas,277,24.0,10.9,17.0,1198
bread,260,12.7,7.4,20.8,563
idli,121,22.4,4.2,14.4,970
peas,390,27.6,13.2,46.3,926
dosa,166,23.7,7.3,29.7,1278
poha,264,21.1,12.2,46.3,383
veg pulao,106,2.8,12.0,34.2,213
banana,35,7.4,12.3,53.7,1109
poha,284,26.5,6.6,16.9,247
chicken curry,277,12.4,0.2,9.2,1194
poha,30,8.7,11.0,5.9,851
almonds,430,3.1,3.6,43.4,1254
bread,170,10.3,13.3,3.8,1406
lemon rice,211,24.8,13.1,58.6,1281
egg,306,20.7,15.5,12.2,1404
paneer,405,14.4,10.7,41.2,1131
veg pulao,491,4.5,9.3,41.5,1234
veg pulao,74,9.5,14.1,50.1,339
paneer,172,17.6,1.5,17.5,16
poha,178,8.9,19.6,47.8,727
poha,278,2.6,0.6,44.9,1433
potato,69,20.3,15.4,42.0,935
dal,495,18.3,9.0,6.5,232
lemon rice,437,24.1,14.6,49.3,112
carrot,396,4.1,7.0,57.3,16
egg,215,12.6,19.6,35.0,1434
idli,270,16.1,3.6,19.9,1415
mango,469,7.8,4.3,34.7,67
egg,257,8.5,4.0,5.5,323
potato,363,6.9,16.4,14.2,429
bread,205,14.6,3.6,11.8,446
roti,149,14.2,17.9,56.5,1228
upma,196,8.6,12.7,55.7,603
lemon rice,477,9.4,14.2,51.8,1386
sweet corn,28,4.8,1.7,59.6,1047
carrot,488,23.6,17.3,57.2,589
roti,201,28.9,5.6,30.1,141
almonds,482,2.6,13.9,43.0,1112
rice cooked,76,3.2,19.8,49.2,303
dosa,333,17.5,12.1,51.4,643
apple,177,9.3,12.0,28.1,204
chicken curry,387,5.2,8.9,5.1,1185
almonds,144,10.8,2.0,33.7,706
banana,366,13.6,13.3,32.4,709
veg pulao,271,15.1,18.6,20.4,445
chicken curry,356,17.7,9.9,58.9,827
chicken curry,197,11.9,16.2,34.3,1431
apple,424,25.1,1.0,58.8,16
rice cooked,497,13.8,17.5,45.5,476
peas,141,26.0,5.3,20.3,1410
mango,319,8.3,15.6,45.7,1245
roti,431,22.0,18.4,33.0,1135
peas,311,29.9,0.7,28.2,1421
rice cooked,189,3.0,13.1,17.0,951
milk,61,24.5,14.3,1.7,752
sweet corn,429,26.0,1.1,38.9,1242
lemon rice,406,7.2,9.2,45.1,203
veg pulao,351,19.8,0.2,29.4,999
sweet potato,62,8.8,9.6,14.6,1151
banana,299,10.9,0.0,24.0,907
almonds,411,10.0,10.0,24.6,1183
potato,460,16.9,6.5,17.6,560
almonds,58,4.8,14.4,38.9,610
upma,276,25.4,13.9,9.9,1427
chicken curry,180,21.5,18.2,49.0,1408
mango,143,22.8,16.9,18.9,960
chicken curry,239,29.0,0.5,27.7,578
apple,353,16.4,1.6,55.7,733
milk,366,2.8,2.3,7.8,253
idli,128,18.0,7.1,54.8,1412
idli,355,0.9,13.8,36.1,504
sweet corn,204,21.4,1.9,57.2,1494
milk,62,17.4,17.0,9.6,624
roti,77,17.7,8.2,44.0,1020
spinach,400,28.0,1.6,51.8,630
carrot,414,8.1,4.5,57.0,244
idli,430,23.4,18.5,3.3,67
veg pulao,56,2.8,17.6,11.1,864
egg,148,17.6,5.7,12.3,643
banana,353,18.2,16.8,2.1,550
rice cooked,272,16.2,8.5,31.5,554
dal,129,5.8,14.9,46.2,968
roti,221,18.1,1.0,8.8,708
apple,159,16.4,19.3,37.0,305
chicken curry,485,4.6,2.5,39.6,897
upma,118,15.4,5.1,13.6,74
almonds,426,13.8,12.1,19.3,849
peas,191,23.0,4.7,32.7,719
bread,447,2.1,3.3,16.1,903
milk,158,10.9,15.9,46.8,588
milk,169,28.3,12.4,34.8,523
sweet corn,144,26.4,1.7,49.1,920
milk,327,6.5,6.0,34.6,1380
apple,275,8.9,11.5,48.2,27
sweet potato,91,12.4,14.5,13.7,555
poha,486,12.4,19.7,41.4,475
rice cooked,334,22.9,11.9,3.0,262
carrot,39,18.8,16.7,59.2,824
apple,151,16.4,8.9,10.3,91
peas,24,18.3,4.9,47.0,401
milk,484,11.6,15.7,1.2,141
lemon rice,170,21.6,14.7,58.6,536
mango,459,3.3,10.5,22.2,267
mango,231,2.6,1.2,29.2,520
milk,441,20.9,8.9,37.3,1417
egg,213,30.0,6.8,29.9,804
upma,243,5.6,16.9,48.3,38
sweet potato,192,3.1,1.6,33.6,9
bread,405,25.2,10.0,28.2,940
dosa,473,27.1,14.8,25.9,1170
mango,211,3.8,19.9,51.5,87
sweet potato,145,26.4,14.4,23.1,4
spinach,369,2.2,16.9,20.6,476
dal,304,26.1,18.2,12.5,1314
apple,233,0.7,16.8,59.0,1419
veg pulao,303,19.1,5.3,40.4,1401
milk,75,27.9,12.9,19.1,394
potato,73,0.5,3.1,52.0,191
poha,466,27.2,11.1,42.3,1391
potato,130,28.8,4.1,23.0,865
lemon rice,293,10.5,11.9,6.4,691
dal,268,18.2,17.7,57.9,1153
rice cooked,316,2.5,16.5,47.3,105
roti,246,17.5,5.7,9.1,666
lemon rice,82,3.6,10.2,10.9,394
upma,208,2.9,4.8,24.7,165
apple,454,13.0,9.4,51.5,1349
dal,287,27.6,6.2,34.5,1056
dal,234,6.6,17.7,58.2,1367
upma,398,27.8,6.1,15.6,1036
sweet potato,309,3.9,2.1,0.8,383
chicken curry,174,27.5,17.3,45.2,1339
peas,159,0.3,16.4,0.3,1028
idli,331,8.0,0.8,32.5,731
apple,113,14.0,11.4,41.4,1488
idli,467,23.2,9.3,45.9,460
sweet potato,281,2.7,19.4,58.7,615
sweet potato,130,25.5,6.6,57.8,1398
dosa,38,0.8,5.6,57.5,64
egg,354,6.9,16.1,36.1,1194
roti,219,2.2,15.7,50.0,468
roti,303,4.4,7.2,25.3,292
bread,434,27.0,15.8,25.3,1016
apple,266,4.8,18.9,8.5,260
lemon rice,21,11.2,12.9,17.4,287
veg pulao,280,8.0,11.1,21.7,1374
sweet corn,346,24.3,9.5,2.6,1413
apple,180,5.5,6.9,24.9,401
milk,205,11.1,17.1,58.9,562
apple,346,19.1,18.0,40.8,1046
upma,58,27.9,8.1,28.2,424
dal,267,13.4,0.9,27.7,284
lemon rice,432,12.2,15.0,22.9,9
dosa,224,23.6,8.2,35.4,1028
roti,477,11.1,4.2,46.6,242
mango,155,2.3,2.4,35.1,57
dosa,149,2.4,5.1,14.1,258
lemon rice,184,9.6,0.1,25.2,623
veg pulao,148,17.3,12.6,52.2,1131
milk,312,10.4,0.8,7.7,1364
banana,426,2.6,10.9,23.0,1481
milk,25,9.2,19.8,4.7,486
chicken curry,67,1.6,3.0,43.0,756
almonds,231,5.7,18.2,26.3,264
almonds,213,5.7,9.3,28.6,1157
potato,383,12.4,16.3,38.2,26
rice cooked,440,16.6,12.2,17.1,1417
egg,49,27.5,12.2,14.8,1081
banana,24,11.6,12.4,41.3,1380
chicken curry,165,26.6,12.9,57.4,160
spinach,76,10.8,2.0,48.4,427
chicken curry,66,25.0,15.5,12.2,422
roti,353,27.1,3.6,59.7,1360
sweet potato,275,21.4,15.0,32.2,1257
upma,279,27.9,4.1,30.1,1388
mango,184,18.1,10.2,21.4,1491
veg pulao,357,1.2,19.3,25.9,847
dal,165,18.9,2.0,49.0,278
idli,217,4.5,15.4,50.0,1449
chicken curry,76,24.4,14.6,55.7,961
potato,76,26.5,7.8,28.3,1341
upma,430,7.6,11.9,51.1,817
milk,57,4.8,14.8,53.7,411
milk,85,1.1,1.6,47.4,289
spinach,151,20.3,4.4,54.2,535
idli,449,2.8,0.2,28.7,1069
poha,126,5.9,1.6,25.1,516
rice cooked,240,25.7,11.2,2.3,76
dal,191,13.9,12.9,4.1,1467
lemon rice,347,8.0,7.9,27.4,1106
apple,285,13.3,0.9,7.1,1268
veg pulao,489,14.9,3.8,4.3,1067
carrot,441,28.9,14.0,1.2,1071
spinach,244,17.1,16.7,48.7,773
poha,305,13.5,6.5,43.3,199
egg,305,21.9,1.5,30.4,1486
idli,68,12.8,13.3,32.0,619
poha,409,27.4,17.4,16.8,242
potato,380,22.3,12.6,37.1,1152
potato,446,26.4,6.5,26.6,1079
rice cooked,110,25.5,4.0,13.9,696
egg,43,26.9,8.4,40.3,412
upma,135,25.4,3.1,58.7,883
spinach,328,27.9,10.1,48.9,1323
peas,149,4.6,7.6,43.6,491
roti,84,8.2,2.7,54.6,472
chicken curry,175,24.5,0.9,28.5,1129
apple,470,23.3,14.6,36.0,1083
roti,295,16.6,13.5,28.1,532
peas,328,12.2,17.9,5.5,36
almonds,84,20.1,5.7,57.2,438
mango,451,20.7,7.0,39.6,114
carrot,251,13.4,19.7,19.7,1066
peas,216,24.0,17.8,23.4,883
potato,486,7.3,15.6,42.3,867
bread,259,28.3,7.7,14.9,207
spinach,121,10.9,10.6,27.1,1355
roti,215,28.6,0.2,51.7,1166
banana,247,25.2,16.7,36.6,109
carrot,447,24.0,16.0,36.9,23
upma,49,29.6,17.4,16.4,457
dosa,459,20.3,0.2,26.0,1246
apple,347,23.3,13.0,9.9,930
spinach,123,15.5,8.5,35.4,613
sweet corn,470,23.1,18.8,5.8,904
milk,411,11.7,10.7,30.3,1240
sweet corn,372,29.3,2.0,11.4,890
roti,250,14.8,16.1,26.1,1470
carrot,467,17.1,3.2,31.2,368
idli,279,4.7,3.7,2.1,1248
milk,280,25.3,11.7,32.2,373
egg,421,23.4,14.9,19.9,813
roti,186,14.8,6.8,20.5,1054
rice cooked,180,8.5,16.4,18.4,716
upma,99,21.4,3.9,0.3,1212
banana,74,24.8,17.4,57.5,956
veg pulao,253,19.9,12.6,51.6,1131
potato,319,5.2,18.6,6.2,1081
mango,464,0.6,0.7,59.6,142
poha,31,19.6,19.4,55.2,758
chicken curry,151,5.8,17.6,30.8,1125
roti,402,28.9,8.0,45.9,1081
poha,195,23.3,17.0,41.4,1330
egg,198,8.6,8.3,33.1,96
egg,424,3.1,13.7,9.9,373
upma,451,12.5,2.6,8.5,174
paneer,238,6.2,4.8,53.8,577
idli,34,26.3,4.9,46.2,1462
mango,180,0.5,11.4,8.6,528
milk,256,29.7,19.1,9.1,1082
bread,187,14.7,1.1,51.4,947
dosa,265,9.5,14.9,2.3,1037
peas,75,24.0,8.8,14.0,1355
potato,238,28.4,6.5,18.1,245
lemon rice,203,13.5,9.0,31.7,260
sweet corn,355,10.0,6.2,59.9,1422
chicken curry,253,22.3,15.5,13.3,647
milk,163,26.4,17.5,9.5,846
dal,442,5.0,6.8,57.7,79
rice cooked,386,24.8,11.4,3.4,171
mango,259,6.9,7.9,48.2,872
almonds,266,17.1,5.8,28.1,1132
milk,177,26.1,16.1,16.5,1257
upma,61,25.0,10.5,35.8,1040
rice cooked,283,19.9,10.4,31.1,148
roti,34,28.6,18.7,0.6,577
veg pulao,51,29.6,11.7,42.8,787
egg,325,20.2,17.2,17.6,487
idli,177,15.2,11.6,26.9,1347
milk,152,23.6,8.6,4.7,302
carrot,296,1.9,17.5,33.1,972
almonds,185,1.0,2.7,57.6,390
dosa,234,22.6,3.8,20.2,1420
banana,296,22.4,16.6,59.3,542
veg pulao,267,4.6,19.1,2.6,1077
carrot,432,6.9,11.3,18.2,316
bread,493,27.8,18.2,45.7,1297
potato,376,20.8,1.5,0.0,1192
chicken curry,325,25.2,9.5,6.3,993
sweet potato,357,14.6,5.2,3.1,1200
upma,398,5.4,5.1,47.3,1443
dal,160,10.3,13.2,42.2,939
egg,124,18.1,16.9,29.8,422
sweet potato,233,29.6,10.4,6.2,372
peas,38,22.1,15.5,10.4,639
egg,162,0.6,0.1,52.0,1399
potato,153,15.8,3.9,4.1,696
spinach,127,30.0,19.4,41.1,1436
carrot,144,28.4,17.4,57.9,986
mango,224,4.2,13.5,26.2,1282
sweet corn,82,29.3,19.2,34.0,316
banana,383,20.0,16.9,24.3,126
chicken curry,462,6.8,0.2,20.5,738
spinach,363,6.2,11.4,26.0,922
idli,385,17.8,7.7,40.8,54
potato,292,11.0,17.7,13.8,763
bread,108,16.8,9.7,24.7,477
carrot,96,17.4,18.7,23.6,1044
upma,302,13.5,9.3,22.9,85
dal,311,1.4,1.8,10.3,1267
sweet corn,492,1.1,4.4,24.5,468
potato,370,4.9,17.2,11.0,7
spinach,212,27.2,11.7,32.3,249
chicken curry,36,16.6,18.4,8.0,1364
roti,127,8.3,14.1,38.1,1058
milk,394,29.4,5.7,1.8,1333
egg,97,11.3,11.5,39.5,751
almonds,330,9.5,11.2,24.8,430
idli,364,2.5,14.3,44.4,245
peas,384,26.8,14.3,15.5,235
sweet potato,143,22.7,18.4,30.8,119
bread,68,25.2,10.3,40.4,1353
poha,341,15.7,4.7,17.9,959
sweet corn,395,10.7,2.1,12.5,1451
upma,180,22.1,12.0,39.8,292
egg,441,9.1,7.6,18.8,940
upma,247,9.3,8.3,58.0,1411
upma,216,3.4,6.6,17.7,738
banana,462,12.0,13.1,47.4,1045
upma,96,9.8,5.6,21.8,288
idli,364,14.5,1.6,53.0,981
paneer,33,10.8,11.1,48.9,1108
rice cooked,376,29.0,8.5,55.0,555
mango,276,18.9,10.9,54.2,901
egg,163,23.6,5.3,8.3,777
apple,300,27.3,0.0,43.9,1083
sweet corn,343,4.2,2.8,47.2,427
sweet potato,112,18.5,11.6,38.3,670
rice cooked,90,6.8,10.0,53.7,1499
milk,120,21.5,3.3,31.0,1462
banana,275,0.7,7.9,12.8,565
lemon rice,113,12.0,15.5,57.2,59
sweet corn,133,27.5,2.1,14.0,548
paneer,69,8.5,0.2,31.2,653
egg,423,21.6,11.7,14.2,316
banana,141,27.2,2.5,53.1,882
spinach,85,22.9,17.0,22.5,92
veg pulao,58,22.2,8.9,11.6,1079
chicken curry,261,28.4,1.0,59.9,1063
rice cooked,481,21.2,0.1,48.9,1240
lemon rice,164,17.0,2.1,53.5,792
dal,353,6.1,6.8,40.9,732
egg,274,4.4,3.0,21.6,1418
rice cooked,350,28.9,10.3,22.5,517
roti,159,25.9,4.4,27.9,588
chicken curry,152,16.1,15.8,48.5,1231
lemon rice,430,12.7,13.5,20.1,161
sweet corn,476,21.1,13.8,22.4,1346
veg pulao,34,8.7,16.4,42.0,200
dosa,65,29.9,0.0,30.7,677
rice cooked,290,26.9,1.0,14.3,610
carrot,154,8.5,8.4,49.2,1040
dal,359,16.1,19.7,50.7,560
lemon rice,249,20.7,9.8,21.1,229
potato,199,21.4,20.0,49.4,1406
mango,42,7.0,19.8,30.4,1218
paneer,326,22.0,17.3,13.8,1256
sweet potato,231,8.7,10.0,47.1,1037
sweet potato,166,17.2,12.8,11.8,953
lemon rice,266,5.9,19.0,42.4,412
potato,191,20.2,17.7,51.6,806
apple,438,9.0,10.0,1.1,229
sweet potato,397,23.2,17.3,23.5,216
apple,486,18.3,11.8,1.3,1230
milk,62,9.1,7.4,19.7,652
bread,245,25.3,2.2,37.8,703
egg,484,16.7,13.1,59.8,783
dosa,178,13.0,0.6,11.0,295
roti,498,7.9,12.1,38.7,983
dal,383,19.9,13.7,59.6,1254
spinach,93,19.5,11.7,57.0,1402
carrot,129,18.3,15.4,7.4,1245
idli,64,24.2,2.0,46.6,1100
sweet potato,41,6.1,14.7,56.3,703
dosa,275,17.2,18.2,24.7,464
sweet corn,317,17.7,3.6,53.7,947
carrot,306,7.6,0.2,15.9,166
egg,273,24.5,8.9,27.4,209
peas,235,7.6,14.7,25.4,753
chicken curry,385,20.1,14.3,36.6,1191
sweet corn,377,13.4,17.0,34.6,507
spinach,377,1.7,2.5,22.2,214
rice cooked,473,24.9,16.2,44.7,839
sweet potato,337,25.4,14.7,37.1,1235
almonds,353,3.2,15.9,34.0,1162
peas,180,22.8,3.6,24.4,906
mango,496,22.2,11.0,1.2,800
bread,494,11.5,19.3,28.5,1475
egg,234,4.2,14.3,59.6,913
banana,350,6.8,8.9,13.6,584
rice cooked,392,15.9,19.6,27.9,1251
dal,39,19.1,14.6,29.7,211
egg,414,9.3,7.9,24.5,472
bread,150,20.6,6.2,33.2,270
poha,258,21.3,15.8,44.7,1149
veg pulao,359,21.1,8.0,23.3,600
almonds,448,24.0,17.9,46.1,1339
poha,344,12.7,10.2,21.4,1400
almonds,41,12.0,18.9,43.6,338
mango,457,1.3,17.6,52.6,335
idli,152,21.6,15.5,9.2,357
egg,25,22.5,6.5,38.0,335
almonds,296,7.9,3.9,23.9,643
roti,486,10.0,14.7,27.0,340
bread,205,1.0,15.0,5.5,342
sweet corn,381,1.4,17.1,45.5,799
bread,499,22.0,12.4,19.5,490
bread,446,15.9,1.5,56.2,156
paneer,381,29.8,14.1,29.1,739
roti,179,25.9,14.7,53.4,404
banana,239,9.2,15.3,32.6,1209
banana,231,1.5,0.7,11.4,38
banana,443,0.0,8.2,5.2,668
paneer,399,9.2,1.8,53.8,537
potato,309,6.4,15.1,10.6,862
lemon rice,113,27.3,8.5,49.1,763
spinach,481,14.8,2.1,6.6,529
dosa,109,11.6,10.9,45.7,310
apple,24,20.0,3.2,33.9,1406
sweet potato,305,20.9,7.0,46.8,1017
paneer,75,25.0,16.3,40.8,1176
rice cooked,275,19.7,12.8,12.4,368
roti,236,8.1,13.3,51.4,407
poha,487,28.5,2.9,45.6,1479
carrot,70,14.0,6.6,58.6,1180
almonds,324,12.0,10.3,48.2,874
poha,87,24.8,4.1,30.0,520
almonds,78,15.2,8.5,1.5,69
apple,180,10.0,7.2,13.4,671
mango,386,9.0,16.9,38.5,799
sweet potato,90,7.0,0.7,15.4,1057
milk,151,18.0,18.0,57.5,426
idli,415,26.2,19.2,57.7,1237
spinach,317,11.1,5.5,23.1,164
dosa,253,21.1,8.8,30.0,492
dal,216,9.5,1.5,9.0,961
milk,353,1.4,3.6,15.5,886
spinach,245,21.8,15.9,12.8,170
roti,195,6.2,10.2,38.6,696
sweet potato,278,28.8,10.4,13.8,57
sweet corn,82,27.2,10.2,36.4,953
bread,442,9.5,9.1,9.7,1151
spinach,39,9.7,12.4,58.1,668
idli,425,13.7,5.7,53.5,790
potato,212,25.8,6.2,45.7,473
dal,184,4.4,8.6,34.9,566
sweet corn,434,14.8,15.2,52.0,140
carrot,444,25.3,15.1,50.2,626
spinach,300,20.1,18.7,58.1,217
apple,248,23.9,7.9,15.6,1490
roti,191,12.9,8.3,30.4,461
poha,247,9.7,14.2,17.3,49
milk,67,29.3,10.9,51.3,463
rice cooked,179,19.2,0.6,10.3,962
peas,271,5.3,5.6,2.4,861
potato,123,8.8,1.7,7.7,562
carrot,250,19.8,1.3,55.9,722
potato,410,9.4,4.0,53.5,291
upma,281,16.5,12.0,0.4,773
milk,73,5.5,15.9,48.2,97
sweet potato,256,13.7,8.8,20.3,1266
almonds,453,5.8,15.8,17.3,717
apple,152,20.4,12.6,4.4,1489
lemon rice,65,21.3,17.5,37.3,645
rice cooked,86,14.4,16.1,43.1,1352
poha,464,8.7,16.7,28.5,920
spinach,463,8.4,14.0,15.4,1039
idli,65,10.9,15.5,40.6,255
bread,467,27.4,7.0,36.0,1229
peas,79,4.6,12.6,56.8,13
milk,283,0.5,17.1,40.6,1247
spinach,468,26.2,3.3,10.5,310
peas,139,8.3,8.9,0.8,86
spinach,197,20.0,17.0,48.4,304
mango,122,2.5,1.9,54.6,288
bread,456,5.8,4.2,42.7,206
veg pulao,102,23.1,14.2,21.5,1228
sweet potato,82,27.8,16.6,13.7,1404
poha,117,1.7,1.8,7.9,159
dosa,428,22.8,3.0,26.7,1377
paneer,24,29.5,10.8,22.1,1101
sweet corn,449,24.1,0.4,50.1,61
dosa,227,8.8,14.0,21.8,371
sweet corn,300,0.7,5.7,40.3,69
upma,424,14.4,11.0,9.5,521
chicken curry,128,28.7,3.7,3.1,663
sweet corn,256,5.8,2.4,4.0,415
bread,25,20.0,3.5,5.2,1451
sweet corn,464,8.0,9.3,31.9,1199
spinach,113,21.0,6.0,40.1,1434
veg pulao,104,17.1,15.1,48.7,649
roti,148,16.0,5.4,41.4,1275
mango,456,18.2,18.9,9.4,694
roti,147,25.7,14.4,8.6,850
spinach,112,21.7,8.1,11.7,343
banana,262,26.3,2.3,22.0,48
idli,229,13.1,7.8,25.4,966
idli,311,7.5,14.0,35.3,130
rice cooked,121,27.9,0.2,13.2,240
upma,430,11.3,14.9,22.9,1437
veg pulao,270,27.6,13.9,48.4,363
bread,199,23.2,4.8,50.6,788
banana,369,12.3,16.8,11.4,1460
paneer,485,16.2,17.0,12.7,678
almonds,167,20.6,18.0,58.5,136
almonds,225,8.8,13.9,13.4,22
rice cooked,479,20.7,13.2,22.0,169
banana,438,8.8,2.4,33.2,130
spinach,171,8.6,11.3,18.4,879
dal,347,6.6,9.6,53.0,1464
poha,32,7.0,19.0,56.6,528
chicken curry,344,13.0,18.5,4.9,177
spinach,366,27.4,18.1,20.5,337
dal,276,10.7,5.5,12.7,183
chicken curry,366,18.8,7.1,36.5,305
lemon rice,205,21.9,12.4,49.2,1273
rice cooked,284,19.6,5.0,9.4,203
lemon rice,415,12.7,5.8,49.9,10
apple,252,4.9,19.5,58.3,730
milk,311,25.3,18.4,9.3,730
sweet potato,75,6.8,2.6,28.2,451
mango,136,10.3,3.0,32.7,1094
egg,372,19.2,16.5,46.5,1173
dal,309,8.6,12.8,11.4,911
paneer,51,1.0,17.4,44.6,297
dal,28,18.2,18.1,22.4,349
sweet corn,249,17.1,1.8,51.0,36
rice cooked,496,17.3,1.8,34.4,870
potato,211,16.0,8.8,48.5,256
spinach,497,9.0,19.0,38.1,897
dal,220,28.5,14.9,17.3,563
potato,284,14.7,17.2,22.2,1425
carrot,268,15.1,9.2,34.7,1493
almonds,96,0.5,16.7,17.2,1458
sweet corn,155,6.0,9.8,42.2,21
egg,448,2.1,5.7,45.7,1456
dosa,367,22.5,15.8,10.3,253
sweet corn,117,12.4,1.2,57.8,955
apple,65,26.6,1.2,50.9,100
sweet potato,336,6.7,10.9,40.1,721
poha,204,29.9,12.4,42.5,518
idli,355,9.7,5.2,37.6,940
potato,125,3.8,5.1,52.9,972
dal,335,11.5,17.5,59.4,101
banana,226,16.0,17.2,55.0,1058
sweet corn,249,28.2,19.6,18.1,675
potato,82,1.5,10.3,55.9,1269
banana,71,23.5,8.6,48.0,472
bread,440,5.9,1.6,22.2,882
paneer,191,23.7,13.4,37.1,270
potato,47,29.1,1.5,53.3,1316
dal,337,27.5,5.8,41.9,648
veg pulao,257,14.5,9.5,23.5,129
paneer,158,0.9,15.0,45.5,674
dosa,355,19.6,9.3,51.3,519
dal,238,2.1,17.4,23.3,747
banana,171,7.9,18.0,36.7,171
mango,262,17.3,14.8,28.9,1234
lemon rice,312,10.1,0.3,42.1,496
chicken curry,430,8.0,15.3,48.4,274
apple,282,12.2,3.5,33.4,349
idli,232,29.1,16.7,14.1,425
peas,139,9.1,7.1,15.6,731
spinach,446,0.5,15.6,11.5,1026
poha,341,15.1,14.2,13.4,1078
sweet potato,186,5.6,4.5,23.3,80
spinach,44,12.5,10.1,33.1,308
dosa,179,13.7,5.0,31.5,18
potato,499,22.4,15.8,4.6,1105
apple,60,1.2,6.0,15.7,168
egg,298,14.4,14.9,26.6,324
roti,300,6.9,11.5,30.4,1210
veg pulao,231,7.7,9.0,16.9,494
chicken curry,460,15.7,3.7,47.3,1110
apple,301,20.8,2.8,41.4,238
apple,464,9.8,4.5,11.0,498
rice cooked,403,3.7,19.7,20.1,394
sweet potato,290,15.7,18.1,19.7,692
roti,286,10.9,10.6,21.0,466
apple,141,4.7,13.8,1.6,339
poha,202,26.4,10.1,17.2,301
apple,302,28.0,0.9,29.5,263
egg,298,3.8,2.5,19.3,37
potato,125,4.5,13.1,43.4,941
dal,153,4.5,19.4,35.6,1013
chicken curry,127,24.3,10.9,36.7,1485
chicken curry,38,24.1,2.4,37.2,853
banana,319,26.6,15.8,58.3,635
dal,114,24.8,13.7,39.8,1190
potato,464,11.0,4.0,23.5,831
mango,55,7.3,3.7,29.4,987
poha,386,23.4,3.2,3.9,768
potato,39,26.3,13.6,51.3,617
peas,170,23.9,16.9,50.8,698
peas,149,8.5,7.9,11.8,981
almonds,449,24.0,14.7,26.4,219
sweet corn,481,21.4,9.2,17.6,374
chicken curry,500,22.1,2.2,35.7,739
almonds,55,8.9,16.8,12.7,1068
poha,23,14.6,7.5,56.1,102
upma,36,4.4,0.2,37.7,357
bread,49,7.3,14.4,21.7,814
sweet corn,211,3.0,7.4,37.8,334
milk,366,12.3,7.9,17.1,274
spinach,375,14.6,18.9,40.8,221
potato,219,18.3,15.9,17.2,1235
peas,126,10.9,19.9,55.5,579
peas,46,23.0,6.9,10.6,956
sweet potato,379,19.7,10.5,40.6,268
sweet potato,88,1.3,14.7,7.1,633
roti,156,29.9,19.2,22.6,969
bread,279,5.8,13.8,37.9,1008
roti,319,8.8,1.8,52.5,152
lemon rice,264,9.9,13.9,15.5,208
paneer,104,2.8,17.4,15.6,1353
roti,343,17.5,6.6,10.0,643
poha,476,3.3,4.9,14.4,34
upma,135,20.4,13.2,47.7,1164
peas,182,21.0,17.5,10.4,678
spinach,329,1.9,1.1,6.3,577
sweet corn,133,5.7,12.8,44.5,213
poha,183,27.1,14.5,15.7,303
dal,294,17.1,15.6,40.9,1038
egg,202,8.2,9.7,8.1,1151
chicken curry,427,18.3,5.1,12.4,230
paneer,88,17.2,1.6,43.6,226
sweet corn,378,22.5,14.5,42.0,1321
almonds,234,15.5,4.1,10.1,1369
idli,406,14.5,6.5,26.3,52
spinach,237,13.8,9.9,53.8,469
poha,177,12.0,12.5,32.7,1347
mango,403,10.4,14.8,23.2,986
poha,361,16.4,8.6,59.5,1161
chicken curry,466,27.8,9.5,34.9,827
dal,44,25.9,17.6,28.8,664
banana,115,10.7,11.4,32.0,1159
milk,103,18.2,8.7,23.1,87
mango,295,15.5,14.9,51.5,392
apple,395,16.5,9.1,50.6,752
egg,257,10.0,9.4,43.0,34
almonds,88,12.5,18.1,29.9,1399
rice cooked,492,26.8,6.3,42.5,1197
milk,246,2.4,16.2,18.6,1348
idli,455,16.8,16.2,34.0,213
peas,472,6.2,10.6,40.8,1111
chicken curry,59,7.4,17.4,48.4,802
idli,477,29.1,8.7,43.8,1268
mango,420,22.7,1.1,5.7,769
dal,376,23.5,16.5,27.8,306
spinach,52,9.1,13.4,52.7,1016
milk,297,10.1,2.4,58.8,728
veg pulao,236,25.0,17.3,50.1,8
paneer,239,15.6,5.5,55.9,214
banana,426,17.7,8.9,45.4,1270
spinach,190,16.0,4.6,51.3,1252
bread,452,26.8,12.3,4.6,637
dal,192,14.9,3.1,25.7,810
mango,380,16.5,1.0,55.8,379
paneer,419,6.5,16.3,31.7,217
chicken curry,196,20.8,8.7,10.4,1492
apple,49,23.4,14.0,46.3,1425
veg pulao,139,29.6,15.2,7.4,375
paneer,110,4.3,19.9,31.8,1356
dosa,140,8.9,11.2,42.4,557
almonds,397,20.1,5.3,18.4,1107
upma,384,6.2,13.8,29.3,8
potato,66,23.5,8.6,36.4,1388
carrot,381,10.4,13.5,49.5,587
dal,275,9.1,8.6,11.0,723
rice cooked,197,17.7,2.5,40.9,653
carrot,465,23.5,6.3,58.8,96
lemon rice,454,25.6,5.7,17.1,28
mango,87,20.3,9.4,12.5,726
poha,57,4.0,3.6,22.4,62
upma,447,20.5,13.3,43.5,523
milk,308,27.4,9.6,52.5,1423
apple,368,9.6,4.0,32.4,1190
roti,336,9.5,18.2,24.5,393
dosa,213,13.2,12.6,39.9,68
peas,260,21.3,6.5,2.3,436
chicken curry,77,24.6,17.0,18.0,854
dosa,90,4.3,10.5,2.8,1347
upma,331,5.2,13.7,55.0,782
milk,495,22.3,19.2,58.2,412
mango,490,17.5,6.2,51.3,727
dosa,414,10.7,20.0,56.0,704
peas,392,1.6,0.7,56.2,1057
mango,244,0.6,5.5,21.7,151
dal,467,5.6,7.1,16.6,696
apple,318,29.8,5.9,31.6,588
roti,389,22.5,4.9,23.3,267
mango,105,13.9,13.4,5.1,424
poha,257,20.3,7.3,38.4,768
chicken curry,324,17.6,4.4,7.5,265
chicken curry,321,17.1,18.9,53.3,514
apple,109,2.8,10.2,9.4,676
poha,157,7.2,6.1,48.9,326
almonds,240,5.8,16.7,32.4,874
mango,259,10.1,8.9,56.7,1409
veg pulao,126,11.6,9.4,10.4,729
egg,357,1.9,6.6,43.3,1172
peas,20,11.9,13.4,39.3,1438
potato,499,28.4,1.1,14.6,1163
egg,399,3.8,17.4,48.8,985
sweet potato,180,25.2,16.7,36.5,1212
lemon rice,88,16.5,1.1,0.9,157
paneer,129,1.2,15.9,35.9,1216
idli,97,26.7,11.5,10.0,1228
veg pulao,449,16.8,5.6,31.6,268
veg pulao,23,16.5,4.3,29.1,717
spinach,286,20.8,19.4,32.6,329
poha,327,0.3,2.3,56.4,1299
potato,193,12.6,12.8,54.5,527
mango,207,0.4,1.6,19.8,203
peas,168,14.8,11.6,43.3,1054
egg,420,17.6,18.8,30.7,1348
carrot,483,25.2,14.7,17.3,657
paneer,487,8.6,5.3,36.8,1391
rice cooked,159,7.8,0.8,34.9,965
apple,304,29.2,17.6,20.8,605
upma,491,13.5,6.1,4.9,995
rice cooked,298,7.8,12.9,33.4,127
poha,345,4.6,15.3,13.8,1335
banana,74,4.8,8.8,25.9,1134
milk,311,2.7,8.6,19.1,1185
peas,123,14.8,8.5,39.3,517
potato,31,9.0,13.6,26.1,382
paneer,42,25.9,8.9,43.0,490
dosa,498,22.7,17.8,39.6,1118
egg,162,5.8,13.3,24.6,179
peas,42,26.4,14.9,5.7,878
idli,497,8.7,3.2,6.3,1384
paneer,469,22.9,16.9,24.5,506
veg pulao,432,6.3,19.2,31.8,1056
sweet potato,432,17.0,9.9,35.3,670
rice cooked,206,20.5,9.4,10.8,1258
milk,391,27.1,10.7,53.9,1111
lemon rice,244,21.2,6.1,42.1,1279
sweet corn,464,25.5,16.3,57.9,707
lemon rice,379,15.4,7.2,57.7,341
egg,181,18.9,17.2,14.3,372
milk,235,15.3,9.2,49.5,334
spinach,477,12.4,14.5,49.1,1178
dosa,151,5.5,2.0,0.5,372
banana,493,24.6,15.1,2.4,678
dosa,111,22.5,10.4,42.5,1424
lemon rice,159,21.3,17.0,38.9,919
idli,396,8.3,15.5,34.6,630
roti,404,18.1,13.7,14.6,1112
rice cooked,471,6.3,19.8,5.4,370
milk,251,4.9,7.8,3.3,1131
dosa,491,15.5,15.3,41.1,618
lemon rice,292,19.8,1.0,22.4,406
dosa,472,1.1,6.4,11.2,1200
chicken curry,40,25.9,15.6,1.9,20
chicken curry,262,2.4,1.7,10.4,1031
lemon rice,168,2.1,1.8,33.6,717
almonds,393,22.8,7.4,52.6,605
poha,302,9.2,6.1,14.4,644
potato,369,6.8,18.6,23.8,27
sweet corn,339,5.5,0.4,21.4,1337
poha,87,18.5,5.1,18.5,1093
spinach,319,20.8,12.6,43.3,733
milk,401,13.2,6.8,42.6,604
idli,439,20.3,1.9,55.3,1187
sweet corn,345,14.6,8.2,26.1,724
spinach,296,28.5,18.0,9.4,762
peas,177,29.0,17.1,10.0,809
rice cooked,119,15.5,15.2,40.3,416
mango,339,26.8,14.8,27.3,868
poha,54,15.5,15.7,6.2,161
dal,103,7.1,18.2,59.4,720
lemon rice,202,29.9,6.1,17.8,202
almonds,278,19.1,13.6,1.2,733
potato,80,29.0,6.2,56.3,553
banana,396,15.2,8.3,59.2,963
carrot,248,5.9,11.3,8.0,371
veg pulao,388,14.5,4.4,17.4,956
idli,488,16.5,13.9,21.5,457
apple,244,21.5,3.5,52.1,1391
paneer,236,16.3,17.6,42.3,277
lemon rice,52,23.2,4.3,4.2,421
bread,491,20.5,11.5,37.4,380
chicken curry,49,14.1,14.4,55.2,827
egg,152,28.6,13.1,15.7,608
carrot,491,7.4,11.3,5.9,1183
roti,358,24.9,1.7,9.4,1322
roti,340,13.0,12.9,48.5,351
lemon rice,466,12.8,17.5,32.7,1387
peas,333,3.2,16.0,31.5,70
paneer,449,25.1,12.6,11.5,418
veg pulao,80,0.3,13.7,26.2,1405
lemon rice,322,10.8,11.9,6.7,678
dosa,367,25.8,7.3,0.1,730
chicken curry,270,11.9,2.4,59.0,250
roti,332,17.2,11.0,33.2,774
dal,276,6.4,12.6,55.5,468
upma,209,7.1,5.5,43.0,1416
almonds,71,27.2,18.7,10.3,506
paneer,197,29.2,2.4,55.4,1372
bread,327,23.6,7.0,41.7,673
poha,84,29.4,14.2,15.6,654
poha,53,3.5,3.3,43.3,1199
dal,171,20.0,8.7,53.5,729
lemon rice,194,9.9,11.0,37.6,1011
roti,282,22.4,9.4,26.5,1152
veg pulao,414,6.2,6.2,23.2,1138
spinach,406,18.0,8.3,17.9,1071
dosa,115,23.0,16.8,13.6,370
veg pulao,496,9.6,9.2,7.6,687
egg,149,13.7,13.8,45.6,997
idli,163,28.0,19.2,47.5,902
bread,288,29.1,9.7,16.5,1103
mango,252,6.8,12.4,26.9,613
carrot,381,2.8,16.9,33.6,328
bread,124,2.8,14.9,6.7,589
poha,65,20.8,0.3,43.9,1046
paneer,296,19.7,1.0,58.5,891
banana,201,15.7,2.3,42.1,4
potato,210,22.4,18.4,20.2,29
banana,111,18.9,5.9,29.0,1426
carrot,263,21.9,4.9,18.5,339
sweet corn,24,10.9,17.0,9.7,1238
chicken curry,68,29.0,8.1,12.3,635
dal,397,12.1,5.9,32.4,1185
lemon rice,38,20.9,13.7,41.1,1227
mango,422,0.6,6.2,7.8,1105
upma,408,29.8,5.3,24.0,1093
mango,149,9.1,1.7,27.9,1212
egg,213,10.7,5.4,25.9,145
egg,344,23.2,3.5,50.6,1231
roti,427,27.6,9.2,14.5,988
lemon rice,217,18.7,2.0,18.9,750
rice cooked,401,13.1,15.6,26.2,0
spinach,131,23.6,12.9,33.6,778
chicken curry,131,12.9,11.6,46.2,919
sweet potato,384,29.5,7.1,47.8,1488
chicken curry,128,10.2,14.0,51.9,1304
spinach,374,8.6,12.4,23.2,1432
lemon rice,315,13.3,7.7,19.5,1354
chicken curry,80,28.7,12.2,30.1,549
dosa,473,23.7,8.7,23.7,215
almonds,379,1.4,7.9,50.7,1479
veg pulao,251,28.2,13.6,24.8,1306
bread,338,26.9,3.6,17.1,109
rice cooked,59,8.6,2.5,30.7,402
veg pulao,268,16.7,14.2,47.4,1340
paneer,101,13.4,1.4,12.4,968
almonds,483,9.8,19.8,27.7,1411
dal,66,28.6,18.8,39.5,53
roti,303,27.5,1.0,18.9,157
bread,358,11.0,6.1,6.0,1299
poha,86,7.3,18.0,30.0,1049
almonds,306,6.1,4.2,1.3,1262
almonds,182,25.1,4.9,12.5,523
roti,307,0.8,3.3,11.2,654
roti,405,11.6,1.8,35.8,337
rice cooked,328,5.2,16.3,31.0,618
upma,340,0.3,16.0,32.2,1249
poha,176,28.0,14.7,22.9,1323
chicken curry,330,2.6,12.2,39.3,230
dosa,493,26.5,7.8,51.8,795
rice cooked,295,7.5,8.3,23.9,452
lemon rice,160,25.5,19.7,4.9,6
poha,36,3.1,7.4,47.2,893
carrot,60,28.7,10.3,50.8,768
poha,88,26.3,5.4,54.4,1205
potato,364,0.7,10.5,52.0,548
carrot,300,28.0,2.8,0.2,980
mango,320,12.9,12.6,12.4,499
potato,351,17.0,4.0,46.8,620
bread,472,27.1,4.0,40.2,823
mango,253,12.9,9.5,11.4,1184
potato,417,6.2,15.9,53.5,418
sweet corn,183,28.3,5.2,15.7,750
rice cooked,49,14.1,17.5,18.3,644
banana,395,0.4,4.6,46.2,1131
spinach,234,20.2,0.7,43.0,315
poha,396,23.8,13.4,10.5,153
poha,427,11.8,19.4,23.9,535
sweet corn,459,1.0,16.3,16.3,325
sweet potato,457,10.6,17.9,53.6,707
dosa,373,13.0,13.4,36.2,1075
potato,68,26.5,11.8,33.2,755
egg,209,13.8,1.5,54.4,3
spinach,352,22.5,14.7,15.4,1275
paneer,139,29.7,13.9,2.8,261
milk,362,16.7,18.2,28.1,504
poha,367,28.3,15.4,50.3,279
almonds,316,21.8,16.7,49.4,326
dosa,399,4.5,10.3,42.5,1166
upma,363,12.3,2.7,10.9,865
sweet corn,110,9.0,5.7,40.4,1427
roti,193,13.9,9.4,30.9,534
roti,64,0.8,16.6,47.9,234
almonds,203,29.8,0.6,49.5,926
apple,440,10.8,10.1,11.4,968
peas,189,0.4,0.2,0.0,252
peas,220,0.2,0.0,37.1,209
banana,369,2.4,2.4,19.2,1022
milk,198,25.3,13.1,23.0,1206
apple,89,23.4,15.5,32.6,30
banana,413,21.3,13.0,43.5,1270
carrot,286,10.5,5.2,31.0,668
sweet potato,21,13.1,10.0,24.6,1043
idli,173,13.0,2.7,51.2,739
veg pulao,312,3.5,16.8,20.5,281
banana,486,13.2,3.6,22.8,1401
carrot,288,22.5,5.2,5.4,1023
lemon rice,65,17.8,19.2,34.8,1080
almonds,464,13.4,2.5,10.1,523
mango,156,20.5,0.1,3.3,966
peas,47,5.9,3.6,10.0,1327
peas,203,14.6,2.6,3.1,488
bread,151,14.0,1.9,6.2,525
veg pulao,381,8.2,12.8,36.2,63
upma,271,5.1,8.0,1.6,663
dosa,102,16.2,5.4,27.6,634
roti,433,1.4,17.9,47.1,1176
paneer,43,22.5,8.1,26.3,985
upma,42,16.1,18.5,58.2,96
almonds,201,0.9,4.0,57.2,553
banana,66,26.0,17.8,47.8,697
peas,282,11.2,15.6,57.5,1249
bread,264,10.7,10.9,27.7,132
mango,321,22.2,2.1,21.1,1347
roti,169,29.5,6.8,30.4,1471
lemon rice,426,14.6,19.8,15.0,541
chicken curry,253,27.6,13.1,2.5,1007
idli,172,0.4,18.3,56.7,231
mango,225,11.2,4.6,7.2,1362
veg pulao,379,13.7,4.4,21.0,999
veg pulao,294,2.6,12.4,0.1,75
potato,58,21.5,19.2,3.3,778
egg,84,17.7,6.1,43.4,392
milk,48,18.1,4.3,14.3,1346
egg,427,17.6,4.8,50.6,432
sweet potato,496,3.7,10.3,14.1,792
bread,496,2.4,12.4,16.5,1371
veg pulao,347,17.8,1.9,43.2,944
bread,253,14.4,6.1,23.6,715
poha,100,23.0,9.3,8.3,280
banana,389,13.0,19.3,3.7,287
poha,384,12.7,0.5,54.3,700
egg,151,16.5,3.5,41.6,1039
sweet corn,191,20.9,0.6,18.5,29
upma,109,15.3,16.7,18.4,448
peas,404,10.1,11.9,40.7,476
banana,295,11.8,12.7,19.2,462
paneer,474,7.9,9.3,42.1,8
roti,371,11.1,19.3,24.0,795
lemon rice,237,27.5,8.4,16.9,1163
chicken curry,259,22.7,10.6,9.2,1167
mango,65,18.3,2.5,52.1,133
lemon rice,330,24.6,7.6,27.9,1448
rice cooked,481,13.8,14.9,30.1,918
upma,374,10.5,14.6,58.4,735
egg,309,28.4,6.7,32.4,239
mango,313,11.2,16.9,43.0,144
egg,499,23.7,17.5,14.1,290
rice cooked,486,1.1,5.4,10.8,811
peas,402,26.3,16.3,48.5,196
peas,93,2.9,11.5,56.1,134
chicken curry,98,8.4,8.7,55.8,1375
peas,345,10.7,19.5,41.9,82
roti,90,9.6,13.3,38.9,508
dosa,67,11.0,17.5,8.6,176
dal,465,28.3,2.0,6.2,1015
mango,174,13.9,5.4,3.1,688
milk,151,17.8,11.9,13.7,461
potato,296,7.6,19.1,18.4,204
lemon rice,435,28.7,12.0,12.2,1488
almonds,60,8.7,1.1,50.1,272
mango,420,7.1,5.9,17.7,348
potato,136,22.5,2.3,33.2,214
mango,48,12.5,16.1,45.6,139
bread,320,2.9,16.8,53.9,344
sweet corn,333,6.5,14.6,26.0,495
egg,377,8.8,16.6,35.9,798
almonds,334,23.5,12.7,31.4,1005
idli,301,0.1,7.8,57.4,220
dosa,434,0.1,4.9,18.5,730
dosa,486,22.4,12.5,25.7,1454
egg,111,3.5,0.8,59.2,1348
milk,206,17.5,2.1,20.1,1343
paneer,231,10.6,6.4,29.1,1436
peas,219,6.3,8.0,33.4,784
spinach,88,0.5,12.9,44.9,857
dosa,242,6.5,17.7,24.8,1263
bread,160,19.4,13.0,41.1,858
rice cooked,166,24.8,4.1,36.4,259
apple,482,26.2,15.9,53.5,592
idli,233,8.2,0.5,43.1,974
poha,151,19.8,1.9,26.2,498
rice cooked,482,4.1,9.9,16.8,954
lemon rice,290,16.5,18.3,39.7,1223
milk,484,29.3,18.9,49.9,845
sweet potato,44,14.7,12.9,24.1,185
egg,254,1.2,12.9,58.4,113
spinach,55,26.0,3.8,10.2,410
roti,107,17.3,16.7,40.3,1472
roti,269,29.7,18.6,22.9,978
carrot,447,8.5,11.2,31.6,1031
mango,395,16.3,10.4,39.4,1291
apple,315,17.5,10.9,25.2,4
peas,115,1.5,17.1,51.9,513
apple,416,1.0,2.2,44.5,770
spinach,497,17.8,17.7,40.3,857
apple,183,2.9,4.2,4.5,902
mango,268,13.0,0.4,19.1,1322
roti,141,3.0,6.7,8.6,632
dosa,213,5.0,19.7,36.6,1259
chicken curry,370,26.1,8.6,17.9,1291
banana,361,14.1,1.7,26.3,1046
milk,261,3.0,0.1,22.8,27
upma,449,1.0,7.0,55.1,632
spinach,418,14.0,0.7,9.3,121
potato,293,9.7,12.0,53.7,950
sweet corn,192,25.1,19.7,26.1,1394
lemon rice,436,16.0,20.0,5.8,1373
veg pulao,111,28.1,16.0,58.9,1097
potato,313,11.3,1.0,56.3,683
egg,444,21.0,6.5,39.8,1210
rice cooked,488,15.9,8.8,17.9,1391
banana,210,18.8,19.7,37.2,709
apple,190,4.5,5.3,56.7,822
egg,237,30.0,17.9,3.8,693
veg pulao,196,29.1,8.9,53.3,572
dal,149,3.1,5.5,31.0,25
veg pulao,100,16.5,2.2,33.4,47
milk,235,3.6,9.7,53.4,1272
rice cooked,306,0.6,18.7,2.5,958
spinach,277,26.2,18.9,50.8,259
poha,123,27.6,6.0,51.2,673
dal,345,29.9,10.5,2.2,42
sweet corn,372,25.8,9.9,29.4,1415
sweet corn,299,26.4,7.0,6.2,1366
sweet corn,181,16.3,16.6,19.0,15
potato,321,17.8,16.3,48.3,1233
potato,464,8.6,5.9,46.8,470
veg pulao,363,19.9,16.3,45.5,953
sweet corn,119,5.5,9.4,45.3,117
carrot,332,8.6,17.5,31.2,712
banana,172,4.3,12.6,37.1,1229
spinach,421,7.7,11.6,21.3,646
roti,263,26.0,10.5,32.0,306
poha,36,12.7,15.3,13.6,1191
upma,79,3.9,14.4,21.5,255
lemon rice,474,12.9,16.0,13.7,289
apple,153,8.9,14.9,46.1,272
potato,221,16.1,8.2,1.7,1311
almonds,235,6.0,13.4,3.6,54
mango,74,12.1,3.0,43.0,666
chicken curry,245,15.1,14.2,11.3,1084
rice cooked,350,12.6,4.7,49.3,131
spinach,219,26.7,19.1,33.7,879
chicken curry,362,25.9,14.1,32.9,1094
dal,288,5.0,12.4,23.2,394
egg,221,13.5,8.1,8.4,84
carrot,178,2.5,16.7,33.2,181
almonds,445,28.0,19.5,29.3,866
apple,396,7.3,19.1,59.9,298
bread,110,9.5,3.6,6.6,661
upma,46,28.1,16.0,15.4,1410
almonds,179,5.6,3.9,48.6,508
dosa,191,13.7,14.1,56.6,34
spinach,426,22.6,17.4,15.8,414
banana,278,4.8,4.1,40.9,1409
milk,134,22.2,5.1,54.3,82
egg,413,12.9,6.8,21.9,870
dal,432,3.0,7.8,42.4,511
veg pulao,172,0.6,14.9,26.5,651
banana,46,10.8,4.9,2.0,751
carrot,420,29.1,4.5,43.9,665
dal,301,15.3,18.5,14.2,313
lemon rice,26,21.8,8.8,47.1,1474
apple,360,1.5,1.2,39.0,742
carrot,330,24.8,7.1,4.5,307
poha,77,26.3,18.8,17.9,1201
roti,336,24.2,0.8,53.9,1352
idli,140,4.5,2.6,39.5,2
potato,365,21.4,13.4,40.5,653
bread,473,21.0,13.3,53.6,432
roti,343,0.8,2.9,57.4,727
paneer,333,17.2,4.3,18.0,1349
milk,99,9.8,7.9,56.2,325
egg,93,6.9,3.9,18.0,488
mango,90,7.0,14.7,56.5,1083
dal,182,29.6,15.8,6.9,806
sweet potato,27,9.9,13.5,5.8,402
dosa,173,6.3,17.0,36.0,1057
veg pulao,224,5.1,1.9,6.2,1117
lemon rice,316,23.6,7.9,42.9,969
upma,220,19.6,2.4,28.1,781
idli,49,27.9,19.3,33.1,664
poha,412,9.0,6.1,42.4,1460
upma,460,6.1,9.2,45.0,795
lemon rice,196,22.9,2.3,10.9,1006
milk,124,20.9,4.2,6.4,481
chicken curry,163,29.8,8.1,22.9,611
dal,368,4.7,9.5,0.2,918
carrot,184,7.5,15.3,32.7,1028
lemon rice,198,13.7,15.0,30.8,446
dosa,490,20.0,9.8,29.1,109
lemon rice,141,24.3,7.1,57.3,675
sweet potato,310,29.2,5.7,7.2,25
paneer,196,28.4,15.4,10.9,733
bread,376,25.0,3.8,48.7,605
rice cooked,138,7.5,2.3,11.3,560
carrot,157,23.6,3.1,13.3,344
spinach,142,30.0,0.4,39.4,860
peas,283,24.7,15.4,26.9,620
spinach,448,15.6,3.6,25.1,1082
apple,354,7.0,10.2,40.1,652
veg pulao,203,9.6,8.4,36.0,120
peas,80,20.5,16.7,31.2,1314
banana,159,6.7,11.3,1.3,347
peas,216,28.1,15.3,48.9,1061
carrot,24,14.4,10.3,46.3,423
apple,229,2.7,14.5,1.5,385
banana,93,13.6,6.6,53.4,947
almonds,397,8.9,5.2,26.8,741
sweet corn,308,6.7,19.7,30.4,491
potato,251,18.0,3.9,50.7,861
spinach,386,28.0,7.6,22.9,1156
carrot,322,19.4,8.7,5.8,886
spinach,452,2.2,3.5,29.6,1330
roti,94,27.6,6.3,40.9,466
dosa,391,22.7,19.1,11.4,900
egg,452,26.1,13.6,2.0,1474
sweet potato,100,18.4,6.7,39.1,1497
paneer,271,18.0,11.6,55.9,163
chicken curry,475,19.7,11.7,12.8,412
peas,372,3.3,16.4,48.5,268
almonds,341,28.1,0.4,58.1,1427
banana,276,24.9,7.2,29.2,1031
egg,188,25.4,8.4,21.8,639
roti,324,9.7,18.5,19.5,1006
carrot,73,22.0,9.2,48.1,1191
paneer,91,11.7,12.9,13.8,61
chicken curry,248,12.1,4.0,19.3,1416
dosa,447,22.4,10.7,59.3,1321
dal,377,15.1,16.1,28.4,1260
potato,99,0.8,12.0,7.7,976
potato,210,3.1,14.8,21.8,117
almonds,153,10.3,6.3,24.0,779
idli,324,2.9,9.9,15.5,140
upma,77,8.6,6.5,52.7,1363
dal,183,23.7,18.5,11.1,1420
chicken curry,221,29.3,17.8,3.6,320
veg pulao,459,22.4,1.5,58.7,1330
paneer,65,22.5,4.8,37.7,1097
poha,428,0.3,4.9,6.5,1058
idli,492,27.3,9.0,11.5,14
sweet corn,376,9.6,6.2,24.9,1385
dosa,205,17.5,12.1,0.7,18
dosa,308,23.3,10.9,52.9,515
sweet potato,248,11.2,6.8,47.3,682
roti,216,25.0,19.9,27.1,729
dosa,224,0.8,15.7,49.9,1494
almonds,437,23.6,16.3,14.5,970
spinach,477,29.9,2.3,59.6,960
apple,243,0.0,17.0,33.4,514
potato,363,23.3,7.9,34.6,368
roti,276,26.9,9.0,10.5,92
egg,442,18.2,16.1,12.4,897
paneer,59,16.8,18.4,54.5,105
almonds,482,28.1,19.5,50.4,798
egg,348,3.9,2.4,4.2,585
idli,38,28.7,16.0,1.8,887
apple,233,18.0,6.5,55.0,1159
egg,288,29.6,18.8,37.9,640
egg,352,7.9,11.8,1.2,895
sweet corn,80,27.1,0.1,54.6,1018
rice cooked,495,21.9,2.3,31.9,1384
milk,281,29.1,4.9,26.2,859
dosa,207,2.0,6.4,27.7,232
paneer,191,13.9,2.9,52.9,299
banana,419,6.5,3.6,9.8,1355
roti,271,21.7,18.4,34.8,1066
banana,150,18.8,10.3,17.8,302
upma,141,26.2,12.5,14.1,1144
milk,312,1.3,12.3,5.2,638
poha,347,18.0,14.3,14.4,1428
sweet corn,158,3.4,17.5,29.4,45
chicken curry,169,16.2,13.3,24.6,1306
spinach,114,5.2,14.8,22.6,556
dal,420,2.9,9.1,26.3,1308
roti,411,0.3,3.1,39.3,1269
upma,291,25.9,11.5,23.1,1302
almonds,410,23.9,10.8,9.5,386
upma,474,26.9,5.1,36.8,1464
bread,123,28.7,17.8,11.0,995
chicken curry,469,9.4,3.5,6.6,62
almonds,263,18.8,16.8,42.5,99
lemon rice,358,26.4,0.1,57.9,886
veg pulao,476,10.1,3.7,57.8,1027
sweet potato,414,23.8,20.0,30.0,1469
poha,427,28.0,8.5,13.8,1269
veg pulao,446,26.5,12.1,8.7,973
peas,116,22.6,18.9,47.6,1085
egg,35,15.7,18.8,38.8,278
apple,93,5.5,19.9,6.1,910
veg pulao,143,18.8,17.0,50.1,477
apple,142,23.6,9.0,11.4,25
dosa,193,27.9,17.7,19.7,1467
idli,94,25.2,7.7,52.0,865
sweet potato,402,11.0,10.5,54.7,796
spinach,496,17.7,19.6,40.3,157
poha,353,14.3,15.7,31.0,914
almonds,482,3.4,6.6,18.4,550
apple,424,22.8,12.7,51.0,532
idli,464,10.8,17.4,13.5,436
dal,470,27.0,13.6,23.1,1344
roti,492,25.2,1.0,29.1,337
bread,403,12.7,4.1,37.0,1161
peas,30,10.7,1.9,55.4,901
idli,348,27.6,5.2,47.3,225
roti,359,20.8,14.8,21.5,691
idli,102,27.3,1.7,32.3,513
rice cooked,397,12.7,15.9,35.1,1027
dal,189,21.3,4.5,26.5,1138
dal,484,23.3,7.8,17.7,1183
roti,456,14.0,5.4,30.7,1312
lemon rice,383,18.6,11.2,14.6,50
upma,168,21.5,12.4,16.5,416
roti,257,8.2,8.2,44.7,1181
sweet corn,213,6.2,14.5,38.5,289
potato,435,1.3,17.4,20.3,1434
bread,96,26.9,19.5,36.6,1060
apple,264,21.9,19.3,8.9,429
apple,87,6.4,13.2,41.9,126
spinach,55,14.2,9.3,50.5,421
bread,227,21.9,19.3,59.1,1473
almonds,468,15.8,10.7,16.3,789
egg,402,16.4,9.6,5.9,203
carrot,494,17.1,14.5,8.2,1446
peas,408,2.4,7.8,38.9,1308
veg pulao,202,21.2,15.6,43.5,0
dosa,370,25.2,18.2,2.9,1406
chicken curry,239,30.0,10.8,59.5,339
chicken curry,461,28.9,14.3,51.6,968
rice cooked,446,19.2,2.7,26.6,1160
carrot,262,7.1,15.5,11.7,1440
poha,441,22.5,11.9,46.2,808
peas,474,27.3,9.8,15.8,1453
peas,273,15.0,3.2,13.7,1045
lemon rice,234,1.9,16.2,19.0,150
mango,81,29.8,19.5,10.2,1105
almonds,106,18.6,15.0,0.0,1177
carrot,321,10.1,19.5,14.3,1467
apple,239,3.8,2.7,27.7,837
dal,246,14.6,9.2,44.1,136
dosa,245,29.4,7.7,17.8,1071
bread,39,2.6,4.2,33.0,739
rice cooked,38,12.2,6.8,59.5,974
dosa,51,2.3,10.6,37.6,930
roti,293,21.7,15.6,10.4,187
idli,225,27.1,5.0,20.3,1190
dosa,326,8.3,15.7,23.3,459
milk,52,12.1,2.0,50.4,290
spinach,79,5.0,1.2,3.0,1170
idli,396,24.7,14.2,20.7,598
upma,203,7.0,6.5,54.6,1064
chicken curry,282,4.7,5.2,43.8,1344
dal,32,9.3,1.7,13.2,576
carrot,41,13.1,16.7,59.6,1222
bread,98,11.2,4.3,34.1,813
mango,161,18.4,3.1,41.4,1327
veg pulao,145,17.8,6.2,18.4,1010
sweet potato,202,8.7,19.0,49.8,126
almonds,241,2.9,6.8,21.1,54
spinach,371,23.6,4.9,32.5,1312
peas,38,14.9,15.2,38.9,933
bread,467,1.0,13.3,57.6,1065
rice cooked,42,9.0,12.8,14.4,309
poha,141,27.6,18.1,42.6,11
egg,346,22.4,20.0,0.8,1049
lemon rice,492,27.3,11.0,9.3,934
mango,89,26.5,16.8,56.5,21
roti,357,1.8,8.8,2.0,900
chicken curry,168,14.6,2.6,14.9,1036
potato,435,22.5,2.6,33.9,1023
almonds,229,2.2,14.8,44.2,1226
apple,75,17.4,1.5,3.0,82
dosa,283,13.2,16.7,27.9,441
milk,180,10.8,6.1,21.5,906
egg,245,5.8,5.6,27.1,962
idli,51,18.3,8.9,16.1,889
lemon rice,20,4.6,10.1,7.9,1007
paneer,93,12.9,0.7,2.8,300
rice cooked,92,0.1,4.3,2.5,662
potato,353,16.1,7.7,15.7,661
banana,467,12.2,15.9,52.0,900
almonds,273,25.5,1.1,45.8,683
dal,347,2.1,19.5,22.6,1017
idli,107,2.7,3.9,58.2,947
sweet potato,172,29.4,5.2,27.1,75
egg,432,3.8,13.1,2.4,213
apple,322,5.8,5.8,14.7,61
chicken curry,419,27.6,8.2,42.9,604
dal,50,27.6,14.7,59.4,1390
apple,180,23.8,6.4,33.1,438
peas,302,8.5,13.7,54.7,164
carrot,181,26.1,4.4,55.8,732
milk,424,10.0,15.3,8.8,97
dal,303,15.5,6.8,12.9,890
banana,107,17.4,6.2,47.1,1017
apple,226,20.1,0.8,21.2,83
banana,32,20.4,7.5,48.7,1449
sweet potato,159,8.3,8.8,37.0,166
chicken curry,137,8.2,19.9,59.1,498
peas,487,9.8,3.8,11.3,705
milk,461,28.4,6.4,24.8,472
peas,435,24.7,6.5,19.8,983
milk,326,11.5,10.7,3.2,1283
almonds,262,25.0,0.5,16.4,47
mango,191,19.3,4.5,30.7,395
idli,92,24.7,12.1,0.1,722
spinach,140,19.3,18.7,3.4,107
banana,285,9.1,14.8,43.0,1398
rice cooked,222,6.8,18.8,5.8,134
spinach,408,1.4,18.4,51.5,671
apple,388,3.1,6.6,38.4,655
banana,190,13.8,9.8,16.3,917
sweet corn,132,23.5,16.8,24.7,785
sweet corn,149,27.8,3.1,59.8,1337
apple,266,28.8,16.6,34.9,69
dal,338,29.8,12.3,37.9,847
poha,322,22.5,9.5,18.0,112
roti,401,21.0,3.9,56.5,444
peas,25,15.6,14.6,27.8,1129
egg,477,20.4,14.1,2.9,1300
dal,117,16.3,3.4,45.6,339
spinach,125,11.2,10.9,54.9,781
chicken curry,193,25.1,5.8,10.4,619
dosa,110,9.2,7.6,6.9,153
sweet potato,78,17.7,3.1,39.5,1343
rice cooked,229,20.6,13.6,49.9,1134
almonds,420,18.9,4.5,23.4,460
almonds,288,24.0,3.3,19.2,1420
bread,238,27.9,15.2,16.2,511
upma,196,14.7,16.3,13.7,502
idli,261,2.8,17.3,34.1,1316
rice cooked,210,10.7,4.4,31.5,1002
dosa,115,22.7,9.2,44.1,1045
potato,97,0.8,4.2,31.2,1264
lemon rice,66,27.9,1.3,32.9,1226
bread,188,2.6,19.5,50.0,302
mango,238,28.1,17.7,9.3,483
roti,253,22.4,15.8,45.4,335
dal,177,8.1,5.0,19.1,202
upma,427,2.5,4.7,59.2,474
idli,414,10.8,5.5,31.6,1112
carrot,317,14.6,11.0,3.7,1182
sweet potato,168,29.7,4.5,12.9,528
idli,339,23.8,19.0,34.8,210
almonds,247,0.6,4.9,13.5,59
idli,175,10.0,7.9,20.6,770
veg pulao,383,17.4,18.9,27.2,1010
poha,225,25.1,2.1,41.2,878
roti,231,19.4,8.8,48.5,486
paneer,50,19.4,6.8,37.3,488
mango,406,5.3,17.9,11.4,1421
apple,500,20.0,11.3,4.5,1234
paneer,201,29.6,17.5,39.1,197
poha,319,1.5,3.5,12.4,80
paneer,240,5.4,15.0,45.6,952
spinach,447,22.2,12.5,30.3,560
rice cooked,369,3.7,13.1,16.2,46
peas,350,11.0,17.2,10.2,1154
roti,374,2.1,3.8,49.3,971
milk,404,2.7,3.6,15.0,771
bread,87,24.6,6.5,50.5,1122
idli,58,2.4,18.7,11.9,958
rice cooked,203,12.2,13.8,38.0,1057
dal,120,18.3,16.8,37.0,1380
bread,428,9.7,7.0,22.0,772
egg,410,16.4,7.1,55.9,1288
almonds,155,2.3,13.3,9.8,1396
sweet corn,90,5.3,1.2,4.5,1133
peas,407,3.9,16.7,57.4,99
lemon rice,400,13.9,12.5,21.7,799
almonds,127,2.0,4.9,52.0,601
upma,474,22.2,4.8,2.8,221
lemon rice,479,19.0,10.7,35.7,164
mango,284,12.9,11.7,16.5,71
rice cooked,493,12.1,7.2,24.5,984
lemon rice,365,15.3,2.2,19.3,851
egg,143,11.9,15.7,27.8,1298
paneer,462,26.4,12.8,48.1,1315
banana,459,24.2,11.8,4.3,578
sweet potato,182,13.1,10.5,37.6,581
dal,219,25.2,9.9,32.0,1436
upma,119,15.9,4.6,15.1,1433
apple,285,5.8,0.7,16.4,421
milk,449,23.1,3.0,6.0,503
almonds,441,29.2,2.7,44.7,59
potato,20,20.5,12.6,1.1,624
upma,82,17.3,8.6,57.6,156
upma,370,5.1,12.4,28.5,183
lemon rice,363,7.6,12.9,0.2,891
veg pulao,268,10.4,7.7,13.1,260
carrot,159,27.6,14.7,6.9,1323
dosa,410,29.7,11.7,42.4,214
banana,475,24.9,12.6,28.1,1124
poha,282,20.8,6.9,6.1,1417
veg pulao,61,21.1,16.1,29.0,307
paneer,390,19.4,10.9,54.7,967
spinach,74,15.0,18.4,4.3,879
paneer,176,19.9,12.8,5.5,841
poha,153,23.3,11.1,47.1,341
rice cooked,188,28.3,18.1,40.2,740
almonds,78,6.9,11.1,37.5,29
peas,217,21.0,19.0,34.2,1053
upma,151,11.1,5.3,23.9,1249
milk,150,0.1,18.3,20.5,207
banana,36,0.1,19.9,43.4,1311
upma,395,3.4,0.4,30.5,775
almonds,485,24.1,12.8,54.9,1451
dal,156,11.8,19.1,59.1,491
veg pulao,153,2.9,16.9,0.3,1196
apple,109,20.9,2.4,42.9,551
idli,442,3.2,1.8,51.3,1490
dosa,309,1.5,5.0,9.5,115
banana,221,5.5,1.1,3.8,312
dal,233,15.2,12.4,23.8,29
peas,321,1.6,18.0,4.7,1048
sweet corn,463,6.7,7.4,21.5,1102
mango,54,17.2,0.7,31.8,119
rice cooked,467,16.7,6.4,38.7,658
potato,411,18.4,16.5,34.6,260
idli,84,11.8,19.3,58.3,393
sweet corn,489,4.4,2.8,17.0,996
sweet corn,326,11.7,15.4,9.1,588
dal,315,5.7,8.7,58.7,382
veg pulao,255,18.1,9.8,17.6,490
sweet potato,163,23.5,1.9,45.3,1181
potato,341,24.7,18.4,13.5,1201
dosa,360,17.8,13.1,5.2,832
roti,249,27.4,12.5,15.3,1031
peas,486,15.3,14.0,15.4,873
bread,136,23.5,14.7,13.5,681
poha,209,14.6,8.5,43.6,841
sweet corn,210,0.2,13.1,42.6,1109
dal,183,22.2,4.0,39.0,1436
lemon rice,493,0.4,7.4,20.1,1206
upma,120,1.2,16.2,26.9,996
carrot,138,17.1,11.0,42.8,607
rice cooked,51,14.9,10.7,43.7,319
rice cooked,491,14.1,4.0,20.7,778
dosa,25,12.5,18.8,30.0,14
carrot,91,17.9,15.9,1.4,773
almonds,124,12.2,16.9,8.8,980
almonds,233,0.6,5.6,43.2,39
lemon rice,61,1.8,6.9,48.8,350
lemon rice,279,10.7,1.6,9.2,771
milk,166,8.9,6.5,9.8,145
potato,298,28.1,8.6,4.6,705
peas,28,26.9,7.1,20.1,96
idli,429,28.8,12.9,0.8,1346
potato,42,6.7,4.4,32.5,348
peas,485,14.0,1.2,10.6,4
sweet potato,49,6.3,9.3,42.0,381
dal,37,4.1,2.4,12.4,130
banana,350,16.7,17.5,50.2,622
sweet corn,83,8.6,8.2,26.0,79
rice cooked,448,7.6,10.1,33.5,923
mango,195,29.9,2.0,37.6,749
milk,278,23.2,1.4,36.5,389
roti,352,14.0,1.9,19.3,186
idli,172,27.7,1.5,11.6,1190
sweet corn,478,29.9,17.7,52.2,976
paneer,328,1.6,17.2,43.1,1315
roti,218,7.2,19.0,20.9,974
chicken curry,65,17.4,10.7,29.2,214
apple,272,8.9,6.9,7.8,866
carrot,168,2.8,12.0,12.3,753
chicken curry,291,18.5,1.7,41.0,813
roti,281,19.0,19.2,45.8,201
potato,56,5.5,3.9,32.3,1359
paneer,243,16.3,18.4,28.7,1238
bread,390,19.8,16.7,39.7,791
roti,146,8.5,5.4,33.7,790
idli,226,1.7,6.4,33.5,1102
dal,242,30.0,15.6,7.6,258
paneer,267,29.8,14.3,23.2,663
potato,65,12.6,12.6,31.5,332
banana,282,0.7,6.0,15.6,544
apple,25,17.7,8.5,43.8,905
bread,207,1.1,6.0,52.3,1181
